{
    "loss": 1.6592894792556763,
    "accuracy": 0.7083333134651184
}