{
    "loss": 20.70191764831543,
    "accuracy": 0.3611111044883728
}