{
    "loss": 1.1164824962615967,
    "accuracy": 0.6629213690757751
}