{
    "loss": 1.2269346714019775,
    "accuracy": 0.6292135119438171
}